FAST,BRISK,MAT_BF,SEL_KNN,1,12.9722,12.6908,-0.281329
FAST,BRISK,MAT_BF,SEL_KNN,2,12.264,12.3534,0.0893323
FAST,BRISK,MAT_BF,SEL_KNN,3,13.9161,12.3379,-1.57827
FAST,BRISK,MAT_BF,SEL_KNN,4,11.3839,12.7,1.31616
FAST,BRISK,MAT_BF,SEL_KNN,5,10.5178,13.8295,3.3117
FAST,BRISK,MAT_BF,SEL_KNN,6,7.14812,12.1823,5.03419
FAST,BRISK,MAT_BF,SEL_KNN,7,16.4239,12.9291,-3.49481
FAST,BRISK,MAT_BF,SEL_KNN,8,18.7875,12.3971,-6.39039
FAST,BRISK,MAT_BF,SEL_KNN,9,15.8894,12.4101,-3.47929
FAST,BRISK,MAT_BF,SEL_KNN,10,13.7297,13.8281,0.0984816
FAST,BRISK,MAT_BF,SEL_KNN,11,9.79196,12.0998,2.30783
FAST,BRISK,MAT_BF,SEL_KNN,12,9.20506,12.5922,3.38713
FAST,BRISK,MAT_BF,SEL_KNN,13,9.22307,11.6909,2.4678
FAST,BRISK,MAT_BF,SEL_KNN,14,10.9678,11.5016,0.533852
FAST,BRISK,MAT_BF,SEL_KNN,15,8.09422,11.1439,3.04973
FAST,BRISK,MAT_BF,SEL_KNN,16,8.81392,11.1636,2.34968
FAST,BRISK,MAT_BF,SEL_KNN,17,9.8514,10.5169,0.665509
FAST,BRISK,MAT_BF,SEL_KNN,18,8.30978,11.7624,3.45261
FAST,ORB,MAT_BF,SEL_KNN,1,12.9722,11.3344,-1.63779
FAST,ORB,MAT_BF,SEL_KNN,2,12.264,12.3289,0.0648165
FAST,ORB,MAT_BF,SEL_KNN,3,13.9161,12.318,-1.59812
FAST,ORB,MAT_BF,SEL_KNN,4,11.3839,12.6028,1.219
FAST,ORB,MAT_BF,SEL_KNN,5,10.5178,13.2618,2.74401
FAST,ORB,MAT_BF,SEL_KNN,6,7.14812,12.4106,5.26252
FAST,ORB,MAT_BF,SEL_KNN,7,16.4239,13.6643,-2.75964
FAST,ORB,MAT_BF,SEL_KNN,8,18.7875,12.7764,-6.01115
FAST,ORB,MAT_BF,SEL_KNN,9,15.8894,12.4634,-3.42601
FAST,ORB,MAT_BF,SEL_KNN,10,13.7297,12.8653,-0.864372
FAST,ORB,MAT_BF,SEL_KNN,11,9.79196,11.947,2.15502
FAST,ORB,MAT_BF,SEL_KNN,12,9.20506,11.2036,1.99856
FAST,ORB,MAT_BF,SEL_KNN,13,9.22307,11.7216,2.49858
FAST,ORB,MAT_BF,SEL_KNN,14,10.9678,10.7766,-0.191152
FAST,ORB,MAT_BF,SEL_KNN,15,8.09422,10.4391,2.34492
FAST,ORB,MAT_BF,SEL_KNN,16,8.81392,10.1523,1.33839
FAST,ORB,MAT_BF,SEL_KNN,17,9.8514,9.25534,-0.596065
FAST,ORB,MAT_BF,SEL_KNN,18,8.30978,11.3881,3.07833
FAST,SIFT,MAT_BF,SEL_KNN,1,12.9722,12.2747,-0.697477
FAST,SIFT,MAT_BF,SEL_KNN,2,12.264,11.3986,-0.865456
FAST,SIFT,MAT_BF,SEL_KNN,3,13.9161,14.0617,0.145548
FAST,SIFT,MAT_BF,SEL_KNN,4,11.3839,13.1232,1.73932
FAST,SIFT,MAT_BF,SEL_KNN,5,10.5178,14.3519,3.83406
FAST,SIFT,MAT_BF,SEL_KNN,6,7.14812,12.828,5.6799
FAST,SIFT,MAT_BF,SEL_KNN,7,16.4239,12.409,-4.01493
FAST,SIFT,MAT_BF,SEL_KNN,8,18.7875,12.6899,-6.09757
FAST,SIFT,MAT_BF,SEL_KNN,9,15.8894,12.5506,-3.3388
FAST,SIFT,MAT_BF,SEL_KNN,10,13.7297,12.6708,-1.05882
FAST,SIFT,MAT_BF,SEL_KNN,11,9.79196,11.8062,2.01425
FAST,SIFT,MAT_BF,SEL_KNN,12,9.20506,11.1726,1.96758
FAST,SIFT,MAT_BF,SEL_KNN,13,9.22307,11.5632,2.34009
FAST,SIFT,MAT_BF,SEL_KNN,14,10.9678,11.3432,0.375409
FAST,SIFT,MAT_BF,SEL_KNN,15,8.09422,10.8743,2.78006
FAST,SIFT,MAT_BF,SEL_KNN,16,8.81392,10.1671,1.35314
FAST,SIFT,MAT_BF,SEL_KNN,17,9.8514,9.44764,-0.403766
FAST,SIFT,MAT_BF,SEL_KNN,18,8.30978,10.6624,2.35264
AKAZE,AKAZE,MAT_BF,SEL_KNN,1,12.9722,12.3445,-0.62766
AKAZE,AKAZE,MAT_BF,SEL_KNN,2,12.264,14.0983,1.83422
AKAZE,AKAZE,MAT_BF,SEL_KNN,3,13.9161,12.8828,-1.0333
AKAZE,AKAZE,MAT_BF,SEL_KNN,4,11.3839,14.4781,3.09422
AKAZE,AKAZE,MAT_BF,SEL_KNN,5,10.5178,16.7468,6.22894
AKAZE,AKAZE,MAT_BF,SEL_KNN,6,7.14812,13.8675,6.71939
AKAZE,AKAZE,MAT_BF,SEL_KNN,7,16.4239,15.3467,-1.07721
AKAZE,AKAZE,MAT_BF,SEL_KNN,8,18.7875,14.1379,-4.64959
AKAZE,AKAZE,MAT_BF,SEL_KNN,9,15.8894,13.8398,-2.04961
AKAZE,AKAZE,MAT_BF,SEL_KNN,10,13.7297,11.5483,-2.18137
AKAZE,AKAZE,MAT_BF,SEL_KNN,11,9.79196,12.1341,2.34213
AKAZE,AKAZE,MAT_BF,SEL_KNN,12,9.20506,11.0555,1.85047
AKAZE,AKAZE,MAT_BF,SEL_KNN,13,9.22307,11.2852,2.06215
AKAZE,AKAZE,MAT_BF,SEL_KNN,14,10.9678,10.5845,-0.383267
AKAZE,AKAZE,MAT_BF,SEL_KNN,15,8.09422,10.1989,2.10468
AKAZE,AKAZE,MAT_BF,SEL_KNN,16,8.81392,9.81358,0.999652
AKAZE,AKAZE,MAT_BF,SEL_KNN,17,9.8514,9.06448,-0.786929
AKAZE,AKAZE,MAT_BF,SEL_KNN,18,8.30978,8.974,0.664225
SHITOMASI,BRISK,MAT_BF,SEL_KNN,1,12.9722,13.9019,0.929763
SHITOMASI,BRISK,MAT_BF,SEL_KNN,2,12.264,12.9876,0.72357
SHITOMASI,BRISK,MAT_BF,SEL_KNN,3,13.9161,13.2474,-0.668687
SHITOMASI,BRISK,MAT_BF,SEL_KNN,4,11.3839,12.8899,1.50606
SHITOMASI,BRISK,MAT_BF,SEL_KNN,5,10.5178,13.4476,2.92977
SHITOMASI,BRISK,MAT_BF,SEL_KNN,6,7.14812,13.5266,6.37845
SHITOMASI,BRISK,MAT_BF,SEL_KNN,7,16.4239,12.7172,-3.7067
SHITOMASI,BRISK,MAT_BF,SEL_KNN,8,18.7875,13.712,-5.07555
SHITOMASI,BRISK,MAT_BF,SEL_KNN,9,15.8894,11.5126,-4.37676
SHITOMASI,BRISK,MAT_BF,SEL_KNN,10,13.7297,13.456,-0.273622
SHITOMASI,BRISK,MAT_BF,SEL_KNN,11,9.79196,11.9816,2.18961
SHITOMASI,BRISK,MAT_BF,SEL_KNN,12,9.20506,11.8135,2.60844
SHITOMASI,BRISK,MAT_BF,SEL_KNN,13,9.22307,12.0367,2.81362
SHITOMASI,BRISK,MAT_BF,SEL_KNN,14,10.9678,11.342,0.374245
SHITOMASI,BRISK,MAT_BF,SEL_KNN,15,8.09422,9.07784,0.983627
SHITOMASI,BRISK,MAT_BF,SEL_KNN,16,8.81392,10.4612,1.64732
SHITOMASI,BRISK,MAT_BF,SEL_KNN,17,9.8514,11.6823,1.83092
SHITOMASI,BRISK,MAT_BF,SEL_KNN,18,8.30978,9.73863,1.42885
ORB,ORB,MAT_BF,SEL_KNN,1,12.9722,100.873,87.9004
ORB,ORB,MAT_BF,SEL_KNN,2,12.264,10.7511,-1.5129
ORB,ORB,MAT_BF,SEL_KNN,3,13.9161,16.6755,2.75936
ORB,ORB,MAT_BF,SEL_KNN,4,11.3839,30.3839,19
ORB,ORB,MAT_BF,SEL_KNN,5,10.5178,32.5463,22.0285
ORB,ORB,MAT_BF,SEL_KNN,6,7.14812,152.439,145.291
ORB,ORB,MAT_BF,SEL_KNN,7,16.4239,216.716,200.292
ORB,ORB,MAT_BF,SEL_KNN,8,18.7875,9.44631,-9.34121
ORB,ORB,MAT_BF,SEL_KNN,9,15.8894,21.4942,5.60484
ORB,ORB,MAT_BF,SEL_KNN,10,13.7297,16.9407,3.21105
ORB,ORB,MAT_BF,SEL_KNN,11,9.79196,8.28796,-1.504
ORB,ORB,MAT_BF,SEL_KNN,12,9.20506,35.6408,26.4358
ORB,ORB,MAT_BF,SEL_KNN,13,9.22307,9.77565,0.552582
ORB,ORB,MAT_BF,SEL_KNN,14,10.9678,9.5729,-1.39486
ORB,ORB,MAT_BF,SEL_KNN,15,8.09422,12.8965,4.80229
ORB,ORB,MAT_BF,SEL_KNN,16,8.81392,11.3898,2.57586
ORB,ORB,MAT_BF,SEL_KNN,17,9.8514,12.8853,3.03389
ORB,ORB,MAT_BF,SEL_KNN,18,8.30978,29.89,21.5802
FAST,BRIEF,MAT_BF,SEL_KNN,1,12.9722,11.7503,-1.2219
FAST,BRIEF,MAT_BF,SEL_KNN,2,12.264,11.7583,-0.505707
FAST,BRIEF,MAT_BF,SEL_KNN,3,13.9161,13.955,0.0389099
FAST,BRIEF,MAT_BF,SEL_KNN,4,11.3839,13.1371,1.75321
FAST,BRIEF,MAT_BF,SEL_KNN,5,10.5178,14.8298,4.31194
FAST,BRIEF,MAT_BF,SEL_KNN,6,7.14812,13.5942,6.44604
FAST,BRIEF,MAT_BF,SEL_KNN,7,16.4239,13.2774,-3.14647
FAST,BRIEF,MAT_BF,SEL_KNN,8,18.7875,12.7751,-6.01241
FAST,BRIEF,MAT_BF,SEL_KNN,9,15.8894,12.8008,-3.08861
FAST,BRIEF,MAT_BF,SEL_KNN,10,13.7297,13.0092,-0.720406
FAST,BRIEF,MAT_BF,SEL_KNN,11,9.79196,11.8734,2.08142
FAST,BRIEF,MAT_BF,SEL_KNN,12,9.20506,11.5256,2.32049
FAST,BRIEF,MAT_BF,SEL_KNN,13,9.22307,11.7066,2.48349
FAST,BRIEF,MAT_BF,SEL_KNN,14,10.9678,10.6452,-0.322602
FAST,BRIEF,MAT_BF,SEL_KNN,15,8.09422,11.5312,3.43695
FAST,BRIEF,MAT_BF,SEL_KNN,16,8.81392,10.323,1.50911
FAST,BRIEF,MAT_BF,SEL_KNN,17,9.8514,9.89452,0.0431204
FAST,BRIEF,MAT_BF,SEL_KNN,18,8.30978,11.5081,3.1983
FAST,ORB,MAT_BF,SEL_NN,1,12.9722,13.9231,0.950922
FAST,ORB,MAT_BF,SEL_NN,2,12.264,13.3423,1.07823
FAST,ORB,MAT_BF,SEL_NN,3,13.9161,16.4158,2.49969
FAST,ORB,MAT_BF,SEL_NN,4,11.3839,19.3254,7.94151
FAST,ORB,MAT_BF,SEL_NN,5,10.5178,18.6043,8.08652
FAST,ORB,MAT_BF,SEL_NN,6,7.14812,14.6768,7.5287
FAST,ORB,MAT_BF,SEL_NN,7,16.4239,16.7115,0.287594
FAST,ORB,MAT_BF,SEL_NN,8,18.7875,19.0379,0.250386
FAST,ORB,MAT_BF,SEL_NN,9,15.8894,14.4498,-1.43956
FAST,ORB,MAT_BF,SEL_NN,10,13.7297,13.0837,-0.645983
FAST,ORB,MAT_BF,SEL_NN,11,9.79196,12.7001,2.90818
FAST,ORB,MAT_BF,SEL_NN,12,9.20506,11.803,2.59792
FAST,ORB,MAT_BF,SEL_NN,13,9.22307,13.7436,4.52052
FAST,ORB,MAT_BF,SEL_NN,14,10.9678,11.5135,0.545724
FAST,ORB,MAT_BF,SEL_NN,15,8.09422,12.6565,4.5623
FAST,ORB,MAT_BF,SEL_NN,16,8.81392,11.2297,2.41576
FAST,ORB,MAT_BF,SEL_NN,17,9.8514,11.4955,1.64412
FAST,ORB,MAT_BF,SEL_NN,18,8.30978,12.4321,4.12231
FAST,ORB,MAT_FLANN,SEL_KNN,1,12.9722,11.3344,-1.63779
FAST,ORB,MAT_FLANN,SEL_KNN,2,12.264,12.2852,0.0211507
FAST,ORB,MAT_FLANN,SEL_KNN,3,13.9161,12.0874,-1.82869
FAST,ORB,MAT_FLANN,SEL_KNN,4,11.3839,12.6846,1.30076
FAST,ORB,MAT_FLANN,SEL_KNN,5,10.5178,13.5097,2.99188
FAST,ORB,MAT_FLANN,SEL_KNN,6,7.14812,12.338,5.18984
FAST,ORB,MAT_FLANN,SEL_KNN,7,16.4239,13.7099,-2.71402
FAST,ORB,MAT_FLANN,SEL_KNN,8,18.7875,12.9162,-5.87131
FAST,ORB,MAT_FLANN,SEL_KNN,9,15.8894,12.3288,-3.56054
FAST,ORB,MAT_FLANN,SEL_KNN,10,13.7297,12.8653,-0.864372
FAST,ORB,MAT_FLANN,SEL_KNN,11,9.79196,11.9748,2.18283
FAST,ORB,MAT_FLANN,SEL_KNN,12,9.20506,11.2036,1.99856
FAST,ORB,MAT_FLANN,SEL_KNN,13,9.22307,11.848,2.62494
FAST,ORB,MAT_FLANN,SEL_KNN,14,10.9678,10.7766,-0.191152
FAST,ORB,MAT_FLANN,SEL_KNN,15,8.09422,10.3912,2.29701
FAST,ORB,MAT_FLANN,SEL_KNN,16,8.81392,9.97377,1.15985
FAST,ORB,MAT_FLANN,SEL_KNN,17,9.8514,9.25534,-0.596065
FAST,ORB,MAT_FLANN,SEL_KNN,18,8.30978,11.3089,2.99914
SHITOMASI,BRISK,MAT_BF,SEL_KNN,1,12.9722,13.9019,0.929763
SHITOMASI,BRISK,MAT_BF,SEL_KNN,2,12.264,12.9876,0.72357
SHITOMASI,BRISK,MAT_BF,SEL_KNN,3,13.9161,13.2474,-0.668687
SHITOMASI,BRISK,MAT_BF,SEL_KNN,4,11.3839,12.8899,1.50606
SHITOMASI,BRISK,MAT_BF,SEL_KNN,5,10.5178,13.4476,2.92977
SHITOMASI,BRISK,MAT_BF,SEL_KNN,6,7.14812,13.5266,6.37845
SHITOMASI,BRISK,MAT_BF,SEL_KNN,7,16.4239,12.7172,-3.7067
SHITOMASI,BRISK,MAT_BF,SEL_KNN,8,18.7875,13.712,-5.07555
SHITOMASI,BRISK,MAT_BF,SEL_KNN,9,15.8894,11.5126,-4.37676
SHITOMASI,BRISK,MAT_BF,SEL_KNN,10,13.7297,13.456,-0.273622
SHITOMASI,BRISK,MAT_BF,SEL_KNN,11,9.79196,11.9816,2.18961
SHITOMASI,BRISK,MAT_BF,SEL_KNN,12,9.20506,11.8135,2.60844
SHITOMASI,BRISK,MAT_BF,SEL_KNN,13,9.22307,12.0367,2.81362
SHITOMASI,BRISK,MAT_BF,SEL_KNN,14,10.9678,11.342,0.374245
SHITOMASI,BRISK,MAT_BF,SEL_KNN,15,8.09422,9.07784,0.983627
SHITOMASI,BRISK,MAT_BF,SEL_KNN,16,8.81392,10.4612,1.64732
SHITOMASI,BRISK,MAT_BF,SEL_KNN,17,9.8514,11.6823,1.83092
SHITOMASI,BRISK,MAT_BF,SEL_KNN,18,8.30978,9.73863,1.42885
SHITOMASI,BRIEF,MAT_BF,SEL_KNN,1,12.9722,14.0747,1.10256
SHITOMASI,BRIEF,MAT_BF,SEL_KNN,2,12.264,13.8102,1.54617
SHITOMASI,BRIEF,MAT_BF,SEL_KNN,3,13.9161,11.7319,-2.18423
SHITOMASI,BRIEF,MAT_BF,SEL_KNN,4,11.3839,13.6007,2.21688
SHITOMASI,BRIEF,MAT_BF,SEL_KNN,5,10.5178,12.3,1.78219
SHITOMASI,BRIEF,MAT_BF,SEL_KNN,6,7.14812,13.2703,6.12221
SHITOMASI,BRIEF,MAT_BF,SEL_KNN,7,16.4239,21.3557,4.93179
SHITOMASI,BRIEF,MAT_BF,SEL_KNN,8,18.7875,12.5199,-6.2676
SHITOMASI,BRIEF,MAT_BF,SEL_KNN,9,15.8894,11.6077,-4.28166
SHITOMASI,BRIEF,MAT_BF,SEL_KNN,10,13.7297,13.6717,-0.058003
SHITOMASI,BRIEF,MAT_BF,SEL_KNN,11,9.79196,11.7805,1.98856
SHITOMASI,BRIEF,MAT_BF,SEL_KNN,12,9.20506,11.7604,2.55529
SHITOMASI,BRIEF,MAT_BF,SEL_KNN,13,9.22307,11.7545,2.53142
SHITOMASI,BRIEF,MAT_BF,SEL_KNN,14,10.9678,11.6524,0.684666
SHITOMASI,BRIEF,MAT_BF,SEL_KNN,15,8.09422,11.2953,3.20112
SHITOMASI,BRIEF,MAT_BF,SEL_KNN,16,8.81392,11.5174,2.70344
SHITOMASI,BRIEF,MAT_BF,SEL_KNN,17,9.8514,11.1869,1.33546
SHITOMASI,BRIEF,MAT_BF,SEL_KNN,18,8.30978,7.96939,-0.340385
SHITOMASI,SIFT,MAT_BF,SEL_KNN,1,12.9722,14.2804,1.30826
SHITOMASI,SIFT,MAT_BF,SEL_KNN,2,12.264,12.9004,0.636409
SHITOMASI,SIFT,MAT_BF,SEL_KNN,3,13.9161,11.6087,-2.30748
SHITOMASI,SIFT,MAT_BF,SEL_KNN,4,11.3839,12.9209,1.53707
SHITOMASI,SIFT,MAT_BF,SEL_KNN,5,10.5178,12.1886,1.67078
SHITOMASI,SIFT,MAT_BF,SEL_KNN,6,7.14812,13.0553,5.90723
SHITOMASI,SIFT,MAT_BF,SEL_KNN,7,16.4239,12.6612,-3.76275
SHITOMASI,SIFT,MAT_BF,SEL_KNN,8,18.7875,12.1376,-6.64991
SHITOMASI,SIFT,MAT_BF,SEL_KNN,9,15.8894,11.9899,-3.89951
SHITOMASI,SIFT,MAT_BF,SEL_KNN,10,13.7297,13.5009,-0.228776
SHITOMASI,SIFT,MAT_BF,SEL_KNN,11,9.79196,12.1076,2.31564
SHITOMASI,SIFT,MAT_BF,SEL_KNN,12,9.20506,11.8967,2.69165
SHITOMASI,SIFT,MAT_BF,SEL_KNN,13,9.22307,11.6227,2.39966
SHITOMASI,SIFT,MAT_BF,SEL_KNN,14,10.9678,10.9335,-0.0342214
SHITOMASI,SIFT,MAT_BF,SEL_KNN,15,8.09422,12.5287,4.43447
SHITOMASI,SIFT,MAT_BF,SEL_KNN,16,8.81392,10.68,1.86611
SHITOMASI,SIFT,MAT_BF,SEL_KNN,17,9.8514,10.7884,0.936973
SHITOMASI,SIFT,MAT_BF,SEL_KNN,18,8.30978,9.52513,1.21535
HARRIS,BRISK,MAT_BF,SEL_KNN,1,12.9722,10.9082,-2.06394
HARRIS,BRISK,MAT_BF,SEL_KNN,2,12.264,10.195,-2.06901
HARRIS,BRISK,MAT_BF,SEL_KNN,3,13.9161,-80.8525,-94.7687
HARRIS,BRISK,MAT_BF,SEL_KNN,4,11.3839,11.5792,0.195365
HARRIS,BRISK,MAT_BF,SEL_KNN,5,10.5178,-inf,-inf
HARRIS,BRISK,MAT_BF,SEL_KNN,6,7.14812,12.9945,5.84637
HARRIS,BRISK,MAT_BF,SEL_KNN,7,16.4239,12.2395,-4.18442
HARRIS,BRISK,MAT_BF,SEL_KNN,8,18.7875,28.9604,10.1729
HARRIS,BRISK,MAT_BF,SEL_KNN,9,15.8894,nan,nan
HARRIS,BRISK,MAT_BF,SEL_KNN,10,13.7297,-inf,-inf
HARRIS,BRISK,MAT_BF,SEL_KNN,11,9.79196,11.7414,1.94947
HARRIS,BRISK,MAT_BF,SEL_KNN,12,9.20506,11.6948,2.48975
HARRIS,BRISK,MAT_BF,SEL_KNN,13,9.22307,568.322,559.099
HARRIS,BRISK,MAT_BF,SEL_KNN,14,10.9678,7.72144,-3.24632
HARRIS,BRISK,MAT_BF,SEL_KNN,15,8.09422,-12.639,-20.7333
HARRIS,BRISK,MAT_BF,SEL_KNN,16,8.81392,6.33929,-2.47463
HARRIS,BRISK,MAT_BF,SEL_KNN,17,9.8514,12.5848,2.73344
HARRIS,BRISK,MAT_BF,SEL_KNN,18,8.30978,-inf,-inf
HARRIS,FREAK,MAT_BF,SEL_KNN,1,12.9722,9.74953,-3.22263
HARRIS,FREAK,MAT_BF,SEL_KNN,2,12.264,10.586,-1.67804
HARRIS,FREAK,MAT_BF,SEL_KNN,3,13.9161,-10.295,-24.2112
HARRIS,FREAK,MAT_BF,SEL_KNN,4,11.3839,12.1284,0.744541
HARRIS,FREAK,MAT_BF,SEL_KNN,5,10.5178,89.8332,79.3154
HARRIS,FREAK,MAT_BF,SEL_KNN,6,7.14812,13.5907,6.44259
HARRIS,FREAK,MAT_BF,SEL_KNN,7,16.4239,13.6036,-2.82029
HARRIS,FREAK,MAT_BF,SEL_KNN,8,18.7875,12.9162,-5.87131
HARRIS,FREAK,MAT_BF,SEL_KNN,9,15.8894,nan,nan
HARRIS,FREAK,MAT_BF,SEL_KNN,10,13.7297,10.2931,-3.43655
HARRIS,FREAK,MAT_BF,SEL_KNN,11,9.79196,11.7414,1.94947
HARRIS,FREAK,MAT_BF,SEL_KNN,12,9.20506,11.6948,2.48975
HARRIS,FREAK,MAT_BF,SEL_KNN,13,9.22307,13.4327,4.20966
HARRIS,FREAK,MAT_BF,SEL_KNN,14,10.9678,nan,nan
HARRIS,FREAK,MAT_BF,SEL_KNN,15,8.09422,-25.2781,-33.3723
HARRIS,FREAK,MAT_BF,SEL_KNN,16,8.81392,6.64741,-2.16651
HARRIS,FREAK,MAT_BF,SEL_KNN,17,9.8514,nan,nan
HARRIS,FREAK,MAT_BF,SEL_KNN,18,8.30978,nan,nan
HARRIS,SIFT,MAT_BF,SEL_KNN,1,12.9722,10.9082,-2.06394
HARRIS,SIFT,MAT_BF,SEL_KNN,2,12.264,63.8475,51.5835
HARRIS,SIFT,MAT_BF,SEL_KNN,3,13.9161,-80.8525,-94.7687
HARRIS,SIFT,MAT_BF,SEL_KNN,4,11.3839,11.5792,0.195365
HARRIS,SIFT,MAT_BF,SEL_KNN,5,10.5178,13.6432,3.12539
HARRIS,SIFT,MAT_BF,SEL_KNN,6,7.14812,27.8744,20.7263
HARRIS,SIFT,MAT_BF,SEL_KNN,7,16.4239,13.497,-2.92693
HARRIS,SIFT,MAT_BF,SEL_KNN,8,18.7875,17.6204,-1.16714
HARRIS,SIFT,MAT_BF,SEL_KNN,9,15.8894,3.93864,-11.9507
HARRIS,SIFT,MAT_BF,SEL_KNN,10,13.7297,-13.4405,-27.1702
HARRIS,SIFT,MAT_BF,SEL_KNN,11,9.79196,11.4377,1.64572
HARRIS,SIFT,MAT_BF,SEL_KNN,12,9.20506,11.6948,2.48975
HARRIS,SIFT,MAT_BF,SEL_KNN,13,9.22307,13.4327,4.20966
HARRIS,SIFT,MAT_BF,SEL_KNN,14,10.9678,5.66097,-5.3068
HARRIS,SIFT,MAT_BF,SEL_KNN,15,8.09422,-inf,-inf
HARRIS,SIFT,MAT_BF,SEL_KNN,16,8.81392,7.29175,-1.52218
HARRIS,SIFT,MAT_BF,SEL_KNN,17,9.8514,12.5848,2.73344
HARRIS,SIFT,MAT_BF,SEL_KNN,18,8.30978,-inf,-inf
BRISK,BRISK,MAT_BF,SEL_KNN,1,12.9722,13.4086,0.436449
BRISK,BRISK,MAT_BF,SEL_KNN,2,12.264,21.5276,9.26361
BRISK,BRISK,MAT_BF,SEL_KNN,3,13.9161,12.625,-1.29113
BRISK,BRISK,MAT_BF,SEL_KNN,4,11.3839,15.2037,3.8199
BRISK,BRISK,MAT_BF,SEL_KNN,5,10.5178,27.6679,17.1501
BRISK,BRISK,MAT_BF,SEL_KNN,6,7.14812,18.3114,11.1633
BRISK,BRISK,MAT_BF,SEL_KNN,7,16.4239,17.1427,0.718783
BRISK,BRISK,MAT_BF,SEL_KNN,8,18.7875,16.0991,-2.68845
BRISK,BRISK,MAT_BF,SEL_KNN,9,15.8894,14.801,-1.08836
BRISK,BRISK,MAT_BF,SEL_KNN,10,13.7297,13.9297,0.200033
BRISK,BRISK,MAT_BF,SEL_KNN,11,9.79196,13.1359,3.34391
BRISK,BRISK,MAT_BF,SEL_KNN,12,9.20506,11.3409,2.13584
BRISK,BRISK,MAT_BF,SEL_KNN,13,9.22307,11.8565,2.63343
BRISK,BRISK,MAT_BF,SEL_KNN,14,10.9678,12.4013,1.4335
BRISK,BRISK,MAT_BF,SEL_KNN,15,8.09422,12.7089,4.61469
BRISK,BRISK,MAT_BF,SEL_KNN,16,8.81392,11.503,2.68912
BRISK,BRISK,MAT_BF,SEL_KNN,17,9.8514,9.29379,-0.557612
BRISK,BRISK,MAT_BF,SEL_KNN,18,8.30978,10.7753,2.46551
BRISK,ORB,MAT_BF,SEL_KNN,1,12.9722,14.6839,1.71172
BRISK,ORB,MAT_BF,SEL_KNN,2,12.264,20.3646,8.10052
BRISK,ORB,MAT_BF,SEL_KNN,3,13.9161,13.2508,-0.665308
BRISK,ORB,MAT_BF,SEL_KNN,4,11.3839,16.3706,4.98678
BRISK,ORB,MAT_BF,SEL_KNN,5,10.5178,20.2973,9.77946
BRISK,ORB,MAT_BF,SEL_KNN,6,7.14812,21.3891,14.2409
BRISK,ORB,MAT_BF,SEL_KNN,7,16.4239,16.4769,0.05297
BRISK,ORB,MAT_BF,SEL_KNN,8,18.7875,16.1591,-2.62842
BRISK,ORB,MAT_BF,SEL_KNN,9,15.8894,14.9216,-0.967755
BRISK,ORB,MAT_BF,SEL_KNN,10,13.7297,11.5139,-2.21579
BRISK,ORB,MAT_BF,SEL_KNN,11,9.79196,13.7091,3.91715
BRISK,ORB,MAT_BF,SEL_KNN,12,9.20506,11.024,1.81891
BRISK,ORB,MAT_BF,SEL_KNN,13,9.22307,11.7553,2.53227
BRISK,ORB,MAT_BF,SEL_KNN,14,10.9678,12.4047,1.43698
BRISK,ORB,MAT_BF,SEL_KNN,15,8.09422,11.4092,3.31496
BRISK,ORB,MAT_BF,SEL_KNN,16,8.81392,11.2864,2.47246
BRISK,ORB,MAT_BF,SEL_KNN,17,9.8514,9.94177,0.0903668
BRISK,ORB,MAT_BF,SEL_KNN,18,8.30978,11.4769,3.16711
BRISK,SIFT,MAT_BF,SEL_KNN,1,12.9722,12.9834,0.0112017
BRISK,SIFT,MAT_BF,SEL_KNN,2,12.264,16.0654,3.80137
BRISK,SIFT,MAT_BF,SEL_KNN,3,13.9161,16.6949,2.77875
BRISK,SIFT,MAT_BF,SEL_KNN,4,11.3839,12.5648,1.18097
BRISK,SIFT,MAT_BF,SEL_KNN,5,10.5178,26.358,15.8402
BRISK,SIFT,MAT_BF,SEL_KNN,6,7.14812,14.504,7.35592
BRISK,SIFT,MAT_BF,SEL_KNN,7,16.4239,13.9999,-2.42404
BRISK,SIFT,MAT_BF,SEL_KNN,8,18.7875,17.0295,-1.758
BRISK,SIFT,MAT_BF,SEL_KNN,9,15.8894,17.8988,2.00942
BRISK,SIFT,MAT_BF,SEL_KNN,10,13.7297,14.6452,0.915531
BRISK,SIFT,MAT_BF,SEL_KNN,11,9.79196,15.9857,6.19374
BRISK,SIFT,MAT_BF,SEL_KNN,12,9.20506,11.7122,2.50711
BRISK,SIFT,MAT_BF,SEL_KNN,13,9.22307,13.3127,4.08963
BRISK,SIFT,MAT_BF,SEL_KNN,14,10.9678,10.5612,-0.406517
BRISK,SIFT,MAT_BF,SEL_KNN,15,8.09422,14.2108,6.11657
BRISK,SIFT,MAT_BF,SEL_KNN,16,8.81392,11.0452,2.23125
BRISK,SIFT,MAT_BF,SEL_KNN,17,9.8514,10.1474,0.29598
BRISK,SIFT,MAT_BF,SEL_KNN,18,8.30978,12.3189,4.00911
SIFT,SIFT,MAT_BF,SEL_KNN,1,12.9722,11.9775,-0.994661
SIFT,SIFT,MAT_BF,SEL_KNN,2,12.264,12.5659,0.301887
SIFT,SIFT,MAT_BF,SEL_KNN,3,13.9161,13.175,-0.741182
SIFT,SIFT,MAT_BF,SEL_KNN,4,11.3839,19.6442,8.26036
SIFT,SIFT,MAT_BF,SEL_KNN,5,10.5178,15.27,4.75221
SIFT,SIFT,MAT_BF,SEL_KNN,6,7.14812,11.1135,3.96536
SIFT,SIFT,MAT_BF,SEL_KNN,7,16.4239,13.9096,-2.51431
SIFT,SIFT,MAT_BF,SEL_KNN,8,18.7875,15.629,-3.15855
SIFT,SIFT,MAT_BF,SEL_KNN,9,15.8894,15.0391,-0.850293
SIFT,SIFT,MAT_BF,SEL_KNN,10,13.7297,10.5697,-3.15998
SIFT,SIFT,MAT_BF,SEL_KNN,11,9.79196,11.7091,1.91716
SIFT,SIFT,MAT_BF,SEL_KNN,12,9.20506,11.6297,2.42459
SIFT,SIFT,MAT_BF,SEL_KNN,13,9.22307,9.24585,0.0227852
SIFT,SIFT,MAT_BF,SEL_KNN,14,10.9678,10.6436,-0.324125
SIFT,SIFT,MAT_BF,SEL_KNN,15,8.09422,10.4391,2.34487
SIFT,SIFT,MAT_BF,SEL_KNN,16,8.81392,9.5804,0.766475
SIFT,SIFT,MAT_BF,SEL_KNN,17,9.8514,8.87894,-0.972462
SIFT,SIFT,MAT_BF,SEL_KNN,18,8.30978,9.00486,0.69508
